{
  "IcoMoonType": "selection",
  "icons": [
    {
      "icon": {
        "paths": [
          "M510.4 609.6c-0.059 0-0.128 0.001-0.198 0.001-8.787 0-16.745-3.545-22.524-9.282l0.002 0.002-160-160c-4.783-5.559-7.695-12.847-7.695-20.815 0-17.673 14.327-32 32-32 7.968 0 15.255 2.912 20.857 7.73l-0.042-0.035 137.28 137.28 137.28-137.28c5.909-6.989 14.682-11.397 24.485-11.397 17.673 0 32 14.327 32 32 0 9.803-4.408 18.576-11.35 24.446l-0.047 0.039-160 160c-5.652 5.656-13.426 9.192-22.025 9.312l-0.023 0z"
        ],
        "attrs": [
          {
            "fill": "rgb(18, 150, 219)"
          }
        ],
        "isMulticolor": false,
        "isMulticolor2": false,
        "grid": 0,
        "tags": [
          "down"
        ]
      },
      "attrs": [
        {
          "fill": "rgb(18, 150, 219)"
        }
      ],
      "properties": {
        "order": 7,
        "id": 3,
        "name": "down",
        "prevSize": 32,
        "code": 59648
      },
      "setIdx": 0,
      "setId": 2,
      "iconIdx": 0
    },
    {
      "icon": {
        "paths": [
          "M414.246 751.028l437.57-453.12c7.301-7.49 7.111-19.532-0.474-26.833-7.49-7.301-19.532-7.111-26.833 0.474l-426.003 441.173-199.396-199.396c-7.396-7.396-19.437-7.396-26.833 0v0c-7.396 7.396-7.396 19.437 0 26.833l212.575 212.575c6.732 6.732 17.161 7.301 24.557 1.896 1.801-0.948 3.413-2.086 4.836-3.603z"
        ],
        "attrs": [
          {
            "fill": "rgb(18, 150, 219)"
          }
        ],
        "isMulticolor": false,
        "isMulticolor2": false,
        "grid": 0,
        "tags": [
          "duihao"
        ]
      },
      "attrs": [
        {
          "fill": "rgb(18, 150, 219)"
        }
      ],
      "properties": {
        "order": 8,
        "id": 2,
        "name": "duihao",
        "prevSize": 32,
        "code": 59651
      },
      "setIdx": 0,
      "setId": 2,
      "iconIdx": 1
    }
  ],
  "height": 1024,
  "metadata": {
    "name": "icomoon"
  },
  "preferences": {
    "showGlyphs": true,
    "showQuickUse": true,
    "showQuickUse2": true,
    "showSVGs": true,
    "fontPref": {
      "prefix": "icon-",
      "metadata": {
        "fontFamily": "icomoon"
      },
      "metrics": {
        "emSize": 1024,
        "baseline": 6.25,
        "whitespace": 50
      },
      "embed": false
    },
    "imagePref": {
      "prefix": "icon-",
      "png": true,
      "useClassSelector": true,
      "color": 0,
      "bgColor": 16777215,
      "classSelector": ".icon"
    },
    "historySize": 50,
    "showCodes": true,
    "gridSize": 16
  }
}